iso3,mixing,acat,CDR0,CDR
LSO,assortative,15-19,61.5964740412455,50.1507681290815
THA,assortative,15-19,128.00663406669,121.631077410184
KEN,assortative,15-19,148.380217340707,126.330071103152
IND,assortative,15-19,215.177498321055,134.075878296005
MMR,assortative,15-19,168.095472623092,134.708390405751
NAM,assortative,15-19,183.812460653918,160.966114840969
PHL,assortative,15-19,271.57001672685,226.703458946749
CHN,assortative,15-19,217.647378761213,233.700403699991
BRA,assortative,15-19,311.905958005961,353.586770026017
