iso3,mixing,acat,CDR0,CDR
LSO,assortative,15-19,30.7974867872423,24.8683057260601
THA,assortative,15-19,63.9328668651281,60.627693779527
KEN,assortative,15-19,74.1940410862541,62.7918141767002
IND,assortative,15-19,107.364881001784,66.751669647965
MMR,assortative,15-19,84.0521936703463,67.2188109680826
NAM,assortative,15-19,91.9270272084569,80.2570880464611
PHL,assortative,15-19,135.595272677348,112.825745846332
CHN,assortative,15-19,108.513443305656,116.576677189088
BRA,assortative,15-19,155.81703675001,176.29423007819
