iso3,mixing,acat,CDR0,CDR
THA,assortative,10-14,19.1836762961761,18.6667706229364
LSO,assortative,10-14,22.752112797631,20.2318177393047
CHN,assortative,10-14,21.8065900022412,24.2503558386029
KEN,assortative,10-14,33.3125331510311,28.6485820063471
IND,assortative,10-14,54.700198722261,34.904184812314
NAM,assortative,10-14,42.500946988116,36.4516609929827
BRA,assortative,10-14,55.8351591215355,64.4225315831522
PHL,assortative,10-14,74.7370794889556,64.5960134270636
MMR,assortative,10-14,95.8646965398092,77.6568062956755
