iso3,mixing,acat,CDR0,CDR
CHN,assortative,10-14,17.5777810280393,17.4518925598948
THA,assortative,10-14,20.6333176626535,19.9163102647807
LSO,assortative,10-14,25.6204757627164,23.5335653457551
KEN,assortative,10-14,31.8641116752003,29.9469030499196
NAM,assortative,10-14,38.6213567013153,35.3823680598512
IND,assortative,10-14,56.8842087598795,43.1946068069794
BRA,assortative,10-14,56.4676369368604,56.2869410263245
PHL,assortative,10-14,69.0752868739478,65.4757565019013
MMR,assortative,10-14,114.018513964741,104.436941893393
