iso3,mixing,acat,CDR0,CDR
THA,assortative,10-14,38.3685848024396,37.3343202446771
LSO,assortative,10-14,45.5151000563788,40.4593096966298
CHN,assortative,10-14,43.6136275310563,48.5032165890109
KEN,assortative,10-14,66.6231429127876,57.3242521014331
IND,assortative,10-14,109.396098731148,69.7982262350164
NAM,assortative,10-14,85.0308724562748,73.0586002669594
BRA,assortative,10-14,111.667550134707,128.856599084286
PHL,assortative,10-14,149.473928046373,129.191675338171
MMR,assortative,10-14,191.71298129412,155.338340606914
