mixing,Pmin,Pmax,Cmin,Cmax
assortative,1.76413120000425,26.8941457336857,BRA,LSO
random,1.7079623799592,26.6698221406287,BRA,LSO
