mixing,Pmin,Pmax,Cmin,Cmax
assortative,1.80758819053538,27.1233255197426,BRA,LSO
random,1.7079623799592,26.6698221406287,BRA,LSO
