med,mn,mx
1.47049319267738,1.27295671653227,1.63542748081355
