md,mn,mx
5.16709971022232,0.0419765170294115,10.9374768657348
