mn,md,s,bot,top,botc,topc,UQ,LQ
1.23098637055777,1.20827070373342,0.08351855115351,1.10216030134265,1.40330547579402,LSO,ETH,1.29218775526348,1.17933901431006
