mn,md,s,bot,top,botc,topc,UQ,LQ
1.28470284452587,1.21987701734481,0.162251137441565,1.08999078189904,1.6549314862208,GAB,CHN,1.37665510179759,1.1579595268824
